Point,Voltage_mV,z_normalized,T_true_C,Noise_C,T_measured_C
1,0.0000000000,-1.0000000000,34.0000000000,0.6440923766,34.6440923766
2,0.2051282051,-0.9487179487,36.5188556786,0.7247228043,37.2435784830
3,0.4102564103,-0.8974358974,39.1501879668,0.0331679045,39.1833558712
4,0.6153846154,-0.8461538462,41.8907601274,-0.3822718255,41.5084883020
5,0.8205128205,-0.7948717949,44.7373354237,-0.5460866076,44.1912488162
6,1.0256410256,-0.7435897436,47.6866771186,0.0156672584,47.7023443770
7,1.2307692308,-0.6923076923,50.7355484752,-0.5110515850,50.2244968902
8,1.4358974359,-0.6410256410,53.8807127565,-0.7184147226,53.1622980339
9,1.6410256410,-0.5897435897,57.1189332254,0.0996559882,57.2185892137
10,1.8461538462,-0.5384615385,60.4469731452,0.0666873023,60.5136604475
11,2.0512820513,-0.4871794872,63.8615957788,0.2732341502,64.1348299289
12,2.2564102564,-0.4358974359,67.3595643892,-0.4569854719,66.9025789173
13,2.4615384615,-0.3846153846,70.9376422394,0.0025026418,70.9401448812
14,2.6666666667,-0.3333333333,74.5925925926,-0.0323708802,74.5602217124
15,2.8717948718,-0.2820512821,78.3211787117,-0.7529145006,77.5682642111
16,3.0769230769,-0.2307692308,82.1201638598,0.2689985893,82.3891624491
17,3.2820512821,-0.1794871795,85.9863112999,0.1603555505,86.1466668504
18,3.4871794872,-0.1282051282,89.9163842951,1.1945560216,91.1109403167
19,3.6923076923,-0.0769230769,93.9071461083,0.1014845887,94.0086306970
20,3.8974358974,-0.0256410256,97.9553600027,-0.0723511541,97.8830088486
21,4.1025641026,0.0256410256,102.0577892412,0.6163785875,102.6741678287
22,4.3076923077,0.0769230769,106.2111970869,0.0993956241,106.3105927110
23,4.5128205128,0.1282051282,110.4123468029,0.4545155131,110.8668623160
24,4.7179487179,0.1794871795,114.6580016521,-0.1827721331,114.4752295190
25,4.9230769231,0.2307692308,118.9449248976,0.1090859067,119.0540108043
26,5.1282051282,0.2820512821,123.2698798024,0.5121443392,123.7820241417
27,5.3333333333,0.3333333333,127.6296296296,0.3481235112,127.9777531409
28,5.5384615385,0.3846153846,132.0209376422,0.0642361243,132.0851737666
29,5.7435897436,0.4358974359,136.4405671033,-0.5411540123,135.8994130910
30,5.9487179487,0.4871794872,140.8852812758,0.2226108862,141.1078921620
31,6.1538461538,0.5384615385,145.3518434228,0.0384317409,145.3902751637
32,6.3589743590,0.5897435897,149.8370168074,0.3602337984,150.1972506059
33,6.5641025641,0.6410256410,154.3375646926,0.1081164689,154.4456811615
34,6.7692307692,0.6923076923,158.8502503414,0.5440927056,159.3943430469
35,6.9743589744,0.7435897436,163.3718370168,-0.0257801327,163.3460568841
36,7.1794871795,0.7948717949,167.8990879819,0.1009820300,168.0000700120
37,7.3846153846,0.8461538462,172.4287664998,0.3333882193,172.7621547191
38,7.5897435897,0.8974358974,176.9576358334,-0.5434423061,176.4141935273
39,7.7948717949,0.9487179487,181.4824592458,-0.2008301300,181.2816291157
40,8.0000000000,1.0000000000,186.0000000000,-0.2500142845,185.7499857155
